company,salary,job_name,qualification,location
Senior Django Developer,Start Studio,"Provo, UT ",[],https://www.simplyhired.com/job//job/zJMrqD62SSI4NxxBb9nScoU46o07uOLSLTDRvffD_w-cF5O1vAJG0g?q=django
Sr. Python - Django Developer,Net Orbit,"Manhattan, NY ",[],https://www.simplyhired.com/job//job/O8Xd7s6TQCHKlYpI_aFj66jIEUhbexSF1BXhVsaQLWD3lNzDPeZbMQ?q=django
Django Backend Developer​​,EQUIPO ALTERNO,United States ,[],https://www.simplyhired.com/job//job/NMUUpRKF4bPYjOqW1em92a4s6ro2j1h5zygOnwGXWNQM-GIMc9MCvQ?q=django
Senior Django Developer,Hydrolix,"Portland, OR ",[],https://www.simplyhired.com/job//job/MV4G55WOclLlLnl6gYqY3g7xOwNXrUkyd8keeY2MlofdhRXBfiE2HQ?q=django
Django/React Developer,Six Feet Up Inc.,"Fishers, IN ",[],https://www.simplyhired.com/job//job/_p53Iq_6SIKRWvsxhknWHhaKuGVORpzg4eqgZfpwwi-FRdpDKYfdyQ?q=django
Django,ClearSummit,"Virginia Beach, VA ",[],https://www.simplyhired.com/job//job/FOpvEu6L_gEXNhJAQdwhvX0fdyvansMlS7ZC0D3bW4VgXHh619AYGw?q=django
"Python Developer (Django, AWS, REST, SOAP, MongoDB)",Irisidea TechSolutions Pvt Ltd,Remote ,[],https://www.simplyhired.com/job//job/4hBI0uXcYX9iv6DcZTYuCVi8gtoIuJI-9mBc8OO-CVCF9xbYuxedVw?q=django
Python (Django/Flask) Developer,Trood,"New York, NY ",[],https://www.simplyhired.com/job//job/AtUxM7-FEIM4oZ8ulpe34M9mkfdGkWAdSHGR_KYTGa6H3FF8RZ0r7g?q=django
Python-Django Senior Developers,Primafelicitas,"San Francisco, CA ",[],https://www.simplyhired.com/job//job/50-DJnC4DUAPO2FTVc90p0MiuuJDSdb6n4xlG367HVLE0GF0hDEVRQ?q=django
"Full Stack Python/Django Engineer (Remote, US)",Loveseat,"Austin, TX ",[],https://www.simplyhired.com/job//job/eTrl8Enw8EyKYiREN5stpp-IrCYTMWxG7PJnUe_yP3HzHKZnQNOraw?q=django
Python Developer,Career Soft Solutions,"Nashville, TN +2 locations",[],https://www.simplyhired.com/job//job/5xpNf7l00-1lhmj1ydx0PJKM4wQHcBbMzSQ5NC3kRN4G7VVuxZy3Ag?q=django
