salary,qualification,location,job_name,company
Python Engineer,Piper Companies,Remote ,[],https://www.simplyhired.com/job//job/evQvXJUn381fmMqW6BcQ_Ripic8D_zGRNsIKbFlh5Ldovpyc-vzbFg?q=python
Python Tech Lead - REMOTE WORK,BairesDev,"Los Angeles, CA ",[],https://www.simplyhired.com/job//job/Cb6AOzSnQ4JsKtaTSYsYB4-xkjYLDG_biwAVUZJEWMd7JOmsnyRHMQ?q=python
Python Developer - Remote Work,BairesDev,"Los Angeles, CA ",[],https://www.simplyhired.com/job//job/62-KDTXa3gGW2jBSkkuPTAwlk1tAuuLy6hl7tDvAxPJfkxZ56O1Mew?q=python
PYTHON ENGINEER,STAND 8,"Plano, TX ",[],https://www.simplyhired.com/job//job/EnKPAItznPlxH09Zh8Ka2MWtN2niDSl94sqGsFW00WaVBCscnvs2KQ?q=python
Python Software Engineering Teaching Assistant,"Strategic Education, Inc.",Remote ,[],https://www.simplyhired.com/job//job/mzYAK_i0vyRO5hAwPbs91NtmWqrAYjRkkzc1AZrnIhQ3K-BDLJiQuw?q=python
Ingeniero Data Science,UNHOLSTER,Remote ,[],https://www.simplyhired.com/job//job/nwkTe2gZ_YnakmFOSY-YbUG2hsKHJHidXaECfll-80aEJWFw0MFG-A?q=python
Data Analyst,S&P Global,Remote +3 locations,[],https://www.simplyhired.com/job//job/oy9o0R5EyhI0gXY2QMNql04kos3_7Jx5cEChTkl07SF99ukqCfUT3g?q=python
Senior Python Engineer - Backend,Sila Inc.,Remote ,[],https://www.simplyhired.com/job//job/qlRtVdZ434PZmQB22fRoLNSfmwyvIaP3KViJHQIs0CH5jr3GrZD6yA?q=python
PYTHON BIG DATA ROLE- REMOTE - LONG TERM,Right Talents,Remote ,[],https://www.simplyhired.com/job//job/vQ6e0bjoMKBzYgNpDQMtExC9Cc53LHA4sTM8-wfFCE5QUGQivtdxjA?q=python
Test Automation Engineer - Python/Rust - Core Backend Team,kraken,Remote ,[],https://www.simplyhired.com/job//job/kHLO4oOR0dkx00tGNJW4eEUuQvbogAdGu1mHQYE4oNg_r11lUpo02Q?q=python
Python Full Stack Developer - 4369653,Accenture,"Florham Park, NJ +34 locations",[],https://www.simplyhired.com/job//job/Hm1kLvpEIqVgG28r_Zl3huhZsZhVDmyHPo3eeqcuXJzZEQEXHDtrwA?q=python
